TDS Daily run: Mon Oct 27 08:15:22 UTC 2025 TDS
TDS Daily run: Tue Oct 28 04:36:32 UTC 2025 TDS
TDS Daily run: Wed Oct 29 04:41:58 UTC 2025 TDS
TDS Daily run: Thu Oct 30 04:35:55 UTC 2025 TDS
TDS Daily run: Fri Oct 31 04:38:35 UTC 2025 TDS
TDS Daily run: Sat Nov  1 04:33:19 UTC 2025 TDS
TDS Daily run: Sun Nov  2 04:35:57 UTC 2025 TDS
TDS Daily run: Mon Nov  3 04:42:41 UTC 2025 TDS
TDS Daily run: Tue Nov  4 04:36:42 UTC 2025 TDS
TDS Daily run: Wed Nov  5 04:36:54 UTC 2025 TDS
TDS Daily run: Thu Nov  6 04:42:11 UTC 2025 TDS
TDS Daily run: Fri Nov  7 04:36:09 UTC 2025 TDS
TDS Daily run: Sat Nov  8 04:34:58 UTC 2025 TDS
